{"cameraMode":{"drawMode":0,"name":"Shaded","section":"Shading Mode"},"sceneLighting":true,"audioPlay":false,"sceneViewState":{"showFog":true,"showMaterialUpdate":false,"showSkybox":true,"showFlares":true,"showImageEffects":true,"showParticleSystems":true},"in2DMode":false,"pivot":{"x":-602.2691650390625,"y":266.48199462890627,"z":42.187591552734378},"rotation":{"x":-0.2717754542827606,"y":0.3767094612121582,"z":-0.11661180108785629,"w":-0.8778668642044067},"size":1537.92333984375,"orthographic":false}