{"cameraMode":{"drawMode":0,"name":"Shaded","section":"Shading Mode"},"sceneLighting":true,"audioPlay":false,"sceneViewState":{"showFog":true,"showMaterialUpdate":false,"showSkybox":true,"showFlares":true,"showImageEffects":true,"showParticleSystems":true},"in2DMode":false,"pivot":{"x":0.5224698781967163,"y":0.6793768405914307,"z":-12.37745189666748},"rotation":{"x":0.18091869354248048,"y":-0.8161613345146179,"z":0.42203423380851748,"w":0.3511318564414978},"size":4.732010364532471,"orthographic":false}