{"cameraMode":{"drawMode":0,"name":"Shaded","section":"Shading Mode"},"sceneLighting":false,"audioPlay":false,"sceneViewState":{"showFog":true,"showMaterialUpdate":false,"showSkybox":false,"showFlares":true,"showImageEffects":true,"showParticleSystems":true},"in2DMode":false,"pivot":{"x":5.487331867218018,"y":0.45272868871688845,"z":0.7279999852180481},"rotation":{"x":-0.0326358899474144,"y":-0.6218686699867249,"z":0.02642892301082611,"w":-0.7821361422538757},"size":1.0064585208892823,"orthographic":false}