{"cameraMode":{"drawMode":0,"name":"Shaded","section":"Shading Mode"},"sceneLighting":false,"audioPlay":false,"sceneViewState":{"showFog":true,"showMaterialUpdate":false,"showSkybox":true,"showFlares":true,"showImageEffects":true,"showParticleSystems":true},"in2DMode":false,"pivot":{"x":19.820344924926759,"y":1.6192162036895753,"z":0.3778805732727051},"rotation":{"x":0.07060067355632782,"y":0.9189454913139343,"z":-0.33709752559661868,"w":0.19236168265342713},"size":14.444926261901856,"orthographic":false}