{"cameraMode":{"drawMode":0,"name":"Shaded","section":"Shading Mode"},"sceneLighting":false,"audioPlay":false,"sceneViewState":{"showFog":true,"showMaterialUpdate":false,"showSkybox":true,"showFlares":true,"showImageEffects":true,"showParticleSystems":true},"in2DMode":false,"pivot":{"x":0.003151610493659973,"y":0.1704970747232437,"z":-0.024135645478963853},"rotation":{"x":0.00014648429350927472,"y":-0.9988821744918823,"z":0.04858272150158882,"w":0.004539927002042532},"size":0.6499050855636597,"orthographic":false}