{"cameraMode":{"drawMode":0,"name":"Shaded","section":"Shading Mode"},"sceneLighting":true,"audioPlay":false,"sceneViewState":{"showFog":true,"showMaterialUpdate":false,"showSkybox":true,"showFlares":true,"showImageEffects":true,"showParticleSystems":true},"in2DMode":false,"pivot":{"x":-0.0527951717376709,"y":-15.589578628540039,"z":7.3277082443237309},"rotation":{"x":-0.045781780034303668,"y":0.8520416617393494,"z":-0.515964925289154,"w":-0.0756029486656189},"size":200.2976837158203,"orthographic":false}