{"cameraMode":{"drawMode":0,"name":"Shaded","section":"Shading Mode"},"sceneLighting":false,"audioPlay":false,"sceneViewState":{"showFog":true,"showMaterialUpdate":false,"showSkybox":false,"showFlares":true,"showImageEffects":true,"showParticleSystems":true},"in2DMode":false,"pivot":{"x":-0.47887706756591799,"y":-0.20503759384155274,"z":0.8274502754211426},"rotation":{"x":0.16005724668502809,"y":-0.8406981229782105,"z":0.3730628490447998,"w":0.3591140806674957},"size":7.470508575439453,"orthographic":false}