{"cameraMode":{"drawMode":0,"name":"Shaded","section":"Shading Mode"},"sceneLighting":false,"audioPlay":false,"sceneViewState":{"showFog":true,"showMaterialUpdate":false,"showSkybox":false,"showFlares":true,"showImageEffects":true,"showParticleSystems":true},"in2DMode":false,"pivot":{"x":0.11425137519836426,"y":0.04135012626647949,"z":0.04030615836381912},"rotation":{"x":0.2905217111110687,"y":-0.651765763759613,"z":0.2988331615924835,"w":0.6336379051208496},"size":1.8309574127197266,"orthographic":false}