{"cameraMode":{"drawMode":0,"name":"Shaded","section":"Shading Mode"},"sceneLighting":true,"audioPlay":false,"sceneViewState":{"showFog":true,"showMaterialUpdate":false,"showSkybox":true,"showFlares":true,"showImageEffects":true,"showParticleSystems":true},"in2DMode":false,"pivot":{"x":-7.719429016113281,"y":13.049690246582032,"z":97.83650207519531},"rotation":{"x":-0.04547123238444328,"y":0.9415428638458252,"z":-0.3021511733531952,"w":-0.14238090813159944},"size":106.82056427001953,"orthographic":false}