{"cameraMode":{"drawMode":0,"name":"Shaded","section":"Shading Mode"},"sceneLighting":false,"audioPlay":false,"sceneViewState":{"showFog":true,"showMaterialUpdate":false,"showSkybox":false,"showFlares":true,"showImageEffects":true,"showParticleSystems":true},"in2DMode":false,"pivot":{"x":-0.18141388893127442,"y":-1.1462416648864747,"z":2.0218324661254885},"rotation":{"x":0.16005724668502809,"y":-0.8406981229782105,"z":0.3730628490447998,"w":0.3591140806674957},"size":7.470508575439453,"orthographic":false}