{"cameraMode":{"drawMode":0,"name":"Shaded","section":"Shading Mode"},"sceneLighting":true,"audioPlay":false,"sceneViewState":{"showFog":true,"showMaterialUpdate":false,"showSkybox":true,"showFlares":true,"showImageEffects":true,"showParticleSystems":true},"in2DMode":false,"pivot":{"x":0.5667058229446411,"y":1.284796953201294,"z":1.6201404333114625},"rotation":{"x":0.014160914346575737,"y":0.6133145689964294,"z":-0.01111193560063839,"w":0.7897188663482666},"size":1.4254262447357178,"orthographic":false}