{"cameraMode":{"drawMode":0,"name":"Shaded","section":"Shading Mode"},"sceneLighting":true,"audioPlay":false,"sceneViewState":{"showFog":true,"showMaterialUpdate":false,"showSkybox":true,"showFlares":true,"showImageEffects":true,"showParticleSystems":true},"in2DMode":false,"pivot":{"x":-0.3168679475784302,"y":-7.892350196838379,"z":-17.493728637695314},"rotation":{"x":0.11072609573602677,"y":-0.8000335097312927,"z":0.5687463283538818,"w":0.15581583976745606},"size":10.966794967651368,"orthographic":false}