{"cameraMode":{"drawMode":0,"name":"Shaded","section":"Shading Mode"},"sceneLighting":true,"audioPlay":false,"sceneViewState":{"showFog":true,"showMaterialUpdate":false,"showSkybox":true,"showFlares":true,"showImageEffects":true,"showParticleSystems":true},"in2DMode":false,"pivot":{"x":4.837396621704102,"y":3.564026355743408,"z":-12.791868209838868},"rotation":{"x":0.46924102306365969,"y":0.151430144906044,"z":-0.08208967000246048,"w":0.8661469221115112},"size":0.3203297257423401,"orthographic":false}