{"cameraMode":{"drawMode":0,"name":"Shaded","section":"Shading Mode"},"sceneLighting":false,"audioPlay":false,"sceneViewState":{"showFog":true,"showMaterialUpdate":false,"showSkybox":true,"showFlares":true,"showImageEffects":true,"showParticleSystems":true},"in2DMode":false,"pivot":{"x":-2.0232293605804445,"y":0.3121262192726135,"z":-18.19394874572754},"rotation":{"x":-0.2629345655441284,"y":0.724861204624176,"z":-0.3639952838420868,"w":-0.5227463841438294},"size":26.35464096069336,"orthographic":false}