{"cameraMode":{"drawMode":0,"name":"Shaded","section":"Shading Mode"},"sceneLighting":true,"audioPlay":false,"sceneViewState":{"showFog":true,"showMaterialUpdate":false,"showSkybox":true,"showFlares":true,"showImageEffects":true,"showParticleSystems":true},"in2DMode":false,"pivot":{"x":-5.715624809265137,"y":-4.838359832763672,"z":-23.355636596679689},"rotation":{"x":0.384488046169281,"y":-0.5850517153739929,"z":0.36778637766838076,"w":0.6121752858161926},"size":8.262858390808106,"orthographic":false}