{"cameraMode":{"drawMode":0,"name":"Shaded","section":"Shading Mode"},"sceneLighting":true,"audioPlay":false,"sceneViewState":{"showFog":true,"showMaterialUpdate":false,"showSkybox":true,"showFlares":true,"showImageEffects":true,"showParticleSystems":true},"in2DMode":false,"pivot":{"x":0.19061172008514405,"y":3.864720582962036,"z":-19.700986862182618},"rotation":{"x":0.03034798428416252,"y":0.9700290560722351,"z":-0.18544331192970277,"w":0.15507084131240846},"size":0.4009926915168762,"orthographic":false}