{"cameraMode":{"drawMode":0,"name":"Shaded","section":"Shading Mode"},"sceneLighting":true,"audioPlay":false,"sceneViewState":{"showFog":true,"showMaterialUpdate":false,"showSkybox":true,"showFlares":true,"showImageEffects":true,"showParticleSystems":true},"in2DMode":false,"pivot":{"x":-0.864457368850708,"y":3.9530601501464845,"z":-18.924509048461915},"rotation":{"x":-0.11260633170604706,"y":-0.8326707482337952,"z":0.5103529095649719,"w":-0.18340301513671876},"size":3.053218364715576,"orthographic":false}