{"cameraMode":{"drawMode":0,"name":"Shaded","section":"Shading Mode"},"sceneLighting":true,"audioPlay":false,"sceneViewState":{"showFog":true,"showMaterialUpdate":false,"showSkybox":true,"showFlares":true,"showImageEffects":true,"showParticleSystems":true},"in2DMode":false,"pivot":{"x":1.5330891609191895,"y":0.6890475749969482,"z":-11.338677406311036},"rotation":{"x":-0.23392696678638459,"y":0.7080190777778626,"z":-0.2727254033088684,"w":-0.60806804895401},"size":4.2112250328063969,"orthographic":false}