{"cameraMode":{"drawMode":0,"name":"Shaded","section":"Shading Mode"},"sceneLighting":true,"audioPlay":false,"sceneViewState":{"showFog":true,"showMaterialUpdate":false,"showSkybox":true,"showFlares":true,"showImageEffects":true,"showParticleSystems":true},"in2DMode":false,"pivot":{"x":2.3382601737976076,"y":-2.351350784301758,"z":-12.913345336914063},"rotation":{"x":0.06752211600542069,"y":-0.8324947357177734,"z":0.5399788022041321,"w":0.10428067296743393},"size":29.73813819885254,"orthographic":false}