{"cameraMode":{"drawMode":0,"name":"Shaded","section":"Shading Mode"},"sceneLighting":false,"audioPlay":false,"sceneViewState":{"showFog":true,"showMaterialUpdate":false,"showSkybox":true,"showFlares":true,"showImageEffects":true,"showParticleSystems":true},"in2DMode":false,"pivot":{"x":-0.42280617356300356,"y":1.6978739500045777,"z":-16.399009704589845},"rotation":{"x":-0.0002472823834978044,"y":0.9997304677963257,"z":0.009913050569593907,"w":-0.027917787432670594},"size":2.44207763671875,"orthographic":false}