{"cameraMode":{"drawMode":0,"name":"Shaded","section":"Shading Mode"},"sceneLighting":false,"audioPlay":false,"sceneViewState":{"showFog":true,"showMaterialUpdate":false,"showSkybox":true,"showFlares":true,"showImageEffects":true,"showParticleSystems":true},"in2DMode":false,"pivot":{"x":0.4046773910522461,"y":0.3459453582763672,"z":-13.87631893157959},"rotation":{"x":-0.08983195573091507,"y":0.903570830821991,"z":-0.3473549783229828,"w":-0.23491276800632478},"size":14.692065238952637,"orthographic":false}