{"cameraMode":{"drawMode":0,"name":"Shaded","section":"Shading Mode"},"sceneLighting":false,"audioPlay":false,"sceneViewState":{"showFog":true,"showMaterialUpdate":false,"showSkybox":true,"showFlares":true,"showImageEffects":true,"showParticleSystems":true},"in2DMode":false,"pivot":{"x":8.43471908569336,"y":3.3435089588165285,"z":4.242589473724365},"rotation":{"x":-0.01783340610563755,"y":0.9782688021659851,"z":-0.18347635865211488,"w":-0.09508007764816284},"size":2.1762325763702394,"orthographic":false}