{"cameraMode":{"drawMode":0,"name":"Shaded","section":"Shading Mode"},"sceneLighting":true,"audioPlay":false,"sceneViewState":{"showFog":true,"showMaterialUpdate":false,"showSkybox":true,"showFlares":true,"showImageEffects":true,"showParticleSystems":true},"in2DMode":false,"pivot":{"x":8.84770393371582,"y":-8.294333457946778,"z":27.64904022216797},"rotation":{"x":0.13379204273223878,"y":-0.8505971431732178,"z":0.26061519980430605,"w":0.4366740584373474},"size":72.05801391601563,"orthographic":false}