{"cameraMode":{"drawMode":0,"name":"Shaded","section":"Shading Mode"},"sceneLighting":false,"audioPlay":false,"sceneViewState":{"showFog":true,"showMaterialUpdate":false,"showSkybox":true,"showFlares":true,"showImageEffects":true,"showParticleSystems":true},"in2DMode":false,"pivot":{"x":-49.502323150634769,"y":5.0864715576171879,"z":-35.09620666503906},"rotation":{"x":-0.001963381189852953,"y":0.9547293782234192,"z":-0.2975271940231323,"w":-0.006342215929180384},"size":368.8194580078125,"orthographic":false}