{"cameraMode":{"drawMode":0,"name":"Shaded","section":"Shading Mode"},"sceneLighting":false,"audioPlay":false,"sceneViewState":{"showFog":true,"showMaterialUpdate":false,"showSkybox":true,"showFlares":true,"showImageEffects":true,"showParticleSystems":true},"in2DMode":false,"pivot":{"x":5.0,"y":1.0399999618530274,"z":18.65999984741211},"rotation":{"x":0.008391842246055603,"y":0.9333414435386658,"z":-0.3583587408065796,"w":0.02180456928908825},"size":2.8578836917877199,"orthographic":false}