{"cameraMode":{"drawMode":0,"name":"Shaded","section":"Shading Mode"},"sceneLighting":false,"audioPlay":false,"sceneViewState":{"showFog":true,"showMaterialUpdate":false,"showSkybox":true,"showFlares":true,"showImageEffects":true,"showParticleSystems":true},"in2DMode":false,"pivot":{"x":2.384892463684082,"y":0.3359832763671875,"z":-12.530597686767579},"rotation":{"x":0.218202143907547,"y":-0.7326852679252625,"z":0.27410808205604555,"w":0.5836976766586304},"size":13.08481502532959,"orthographic":false}