{"cameraMode":{"drawMode":0,"name":"Shaded","section":"Shading Mode"},"sceneLighting":false,"audioPlay":false,"sceneViewState":{"showFog":true,"showMaterialUpdate":false,"showSkybox":true,"showFlares":true,"showImageEffects":true,"showParticleSystems":true},"in2DMode":false,"pivot":{"x":-0.21677780151367188,"y":-2.8860201835632326,"z":-12.845718383789063},"rotation":{"x":-0.09712058305740357,"y":0.8210621476173401,"z":-0.5431703329086304,"w":-0.14735227823257447},"size":8.437416076660157,"orthographic":false}