{"cameraMode":{"drawMode":0,"name":"Shaded","section":"Shading Mode"},"sceneLighting":true,"audioPlay":false,"sceneViewState":{"showFog":true,"showMaterialUpdate":false,"showSkybox":true,"showFlares":true,"showImageEffects":true,"showParticleSystems":true},"in2DMode":false,"pivot":{"x":-6.478565692901611,"y":0.3661234378814697,"z":-16.784475326538087},"rotation":{"x":-0.03698006272315979,"y":0.9610975980758667,"z":-0.16003592312335969,"w":-0.22209791839122773},"size":4.86016845703125,"orthographic":false}