{"cameraMode":{"drawMode":0,"name":"Shaded","section":"Shading Mode"},"sceneLighting":true,"audioPlay":false,"sceneViewState":{"showFog":true,"showMaterialUpdate":false,"showSkybox":true,"showFlares":true,"showImageEffects":true,"showParticleSystems":true},"in2DMode":false,"pivot":{"x":-3.7799997329711916,"y":0.5,"z":10.760000228881836},"rotation":{"x":-0.11115767806768418,"y":0.8659297227859497,"z":-0.4344302713871002,"w":-0.22156962752342225},"size":2.8578834533691408,"orthographic":false}