{"cameraMode":{"drawMode":0,"name":"Shaded","section":"Shading Mode"},"sceneLighting":true,"audioPlay":false,"sceneViewState":{"showFog":true,"showMaterialUpdate":false,"showSkybox":true,"showFlares":true,"showImageEffects":true,"showParticleSystems":true},"in2DMode":false,"pivot":{"x":3.0838375091552736,"y":-53.830535888671878,"z":21.632705688476564},"rotation":{"x":-0.02185407094657421,"y":0.9267269372940064,"z":-0.3712206482887268,"w":-0.054651565849781039},"size":166.3692169189453,"orthographic":false}