{"cameraMode":{"drawMode":0,"name":"Shaded","section":"Shading Mode"},"sceneLighting":false,"audioPlay":false,"sceneViewState":{"showFog":true,"showMaterialUpdate":false,"showSkybox":true,"showFlares":true,"showImageEffects":true,"showParticleSystems":true},"in2DMode":false,"pivot":{"x":0.22877931594848634,"y":-0.7398700714111328,"z":-8.396812438964844},"rotation":{"x":-0.4028393030166626,"y":-0.26975342631340029,"z":0.12573254108428956,"w":-0.8656718730926514},"size":30.454328536987306,"orthographic":false}