{"cameraMode":{"drawMode":0,"name":"Shaded","section":"Shading Mode"},"sceneLighting":true,"audioPlay":false,"sceneViewState":{"showFog":true,"showMaterialUpdate":false,"showSkybox":true,"showFlares":true,"showImageEffects":true,"showParticleSystems":true},"in2DMode":false,"pivot":{"x":-1.2235256433486939,"y":-2.353694438934326,"z":-0.7529668807983398},"rotation":{"x":0.10476530343294144,"y":-0.028338858857750894,"z":0.0029862476512789728,"w":0.9940946102142334},"size":17.927284240722658,"orthographic":false}