{"cameraMode":{"drawMode":0,"name":"Shaded","section":"Shading Mode"},"sceneLighting":true,"audioPlay":false,"sceneViewState":{"showFog":true,"showMaterialUpdate":false,"showSkybox":true,"showFlares":true,"showImageEffects":true,"showParticleSystems":true},"in2DMode":false,"pivot":{"x":27.50020408630371,"y":-31.31089973449707,"z":51.32796096801758},"rotation":{"x":-0.23043055832386018,"y":0.39409828186035159,"z":-0.10265856236219406,"w":-0.8838448524475098},"size":215.43972778320313,"orthographic":false}