{"cameraMode":{"drawMode":0,"name":"Shaded","section":"Shading Mode"},"sceneLighting":true,"audioPlay":false,"sceneViewState":{"showFog":true,"showMaterialUpdate":true,"showSkybox":true,"showFlares":true,"showImageEffects":true,"showParticleSystems":true},"in2DMode":false,"pivot":{"x":-24.612342834472658,"y":-39.50885009765625,"z":-76.5976791381836},"rotation":{"x":-0.04504185542464256,"y":0.9506527185440064,"z":-0.2585006356239319,"w":-0.16563305258750916},"size":111.08607482910156,"orthographic":false}