{"cameraMode":{"drawMode":0,"name":"Shaded","section":"Shading Mode"},"sceneLighting":true,"audioPlay":false,"sceneViewState":{"showFog":true,"showMaterialUpdate":false,"showSkybox":true,"showFlares":true,"showImageEffects":true,"showParticleSystems":true},"in2DMode":false,"pivot":{"x":474.2386474609375,"y":662.660888671875,"z":839.6220703125},"rotation":{"x":-0.11368895322084427,"y":0.8256616592407227,"z":-0.5226185917854309,"w":-0.1796102076768875},"size":3872.06884765625,"orthographic":false}