{"cameraMode":{"drawMode":0,"name":"Shaded","section":"Shading Mode"},"sceneLighting":true,"audioPlay":false,"sceneViewState":{"showFog":true,"showMaterialUpdate":false,"showSkybox":true,"showFlares":true,"showImageEffects":true,"showParticleSystems":true},"in2DMode":false,"pivot":{"x":0.009310007095336914,"y":13.996500015258789,"z":4.375140190124512},"rotation":{"x":0.10579754412174225,"y":-0.09679988026618958,"z":0.010325218550860882,"w":0.9896261692047119},"size":18.4388427734375,"orthographic":false}