{"cameraMode":{"drawMode":0,"name":"Shaded","section":"Shading Mode"},"sceneLighting":true,"audioPlay":false,"sceneViewState":{"showFog":true,"showMaterialUpdate":false,"showSkybox":true,"showFlares":true,"showImageEffects":true,"showParticleSystems":true},"in2DMode":false,"pivot":{"x":17.09238052368164,"y":4.752601623535156,"z":32.08760070800781},"rotation":{"x":-0.2819468677043915,"y":-0.46008825302124026,"z":0.15683603286743165,"w":-0.8272107243537903},"size":55.992835998535159,"orthographic":false}