{"cameraMode":{"drawMode":0,"name":"Shaded","section":"Shading Mode"},"sceneLighting":true,"audioPlay":false,"sceneViewState":{"showFog":true,"showMaterialUpdate":false,"showSkybox":true,"showFlares":true,"showImageEffects":true,"showParticleSystems":true},"in2DMode":false,"pivot":{"x":1.6351754665374756,"y":1.524836540222168,"z":3.367250919342041},"rotation":{"x":-0.1048838198184967,"y":0.4789709746837616,"z":-0.05772215127944946,"w":-0.869673490524292},"size":4.75914192199707,"orthographic":false}